system,sf,round,cold,query,status,rows,wall_ms,engine_ms,fe_ms,plan_ms,schedule_ms,rpc1_ms,cpu_ms,peak_mem_bytes,scan_bytes,scan_rows,query_id,start_ms,end_ms,peak_rss_kb,read_bytes,cpu_cores,gpu_peak_mib
duckdb,sf10,1,1,q01,OK,4,1257,-,-,-,-,-,-,-,-,-,-,1789793515158,1789793516427,550492,850579456,5.29,-
duckdb,sf10,1,1,q02,OK,100,440,-,-,-,-,-,-,-,-,-,-,1789793516428,1789793516869,598392,522780672,4.05,-
duckdb,sf10,1,1,q03,OK,10,1461,-,-,-,-,-,-,-,-,-,-,1789793516869,1789793518331,668712,669835264,3.80,-
duckdb,sf10,1,1,q04,OK,5,596,-,-,-,-,-,-,-,-,-,-,1789793518331,1789793518928,711744,270311424,5.59,-
duckdb,sf10,1,1,q05,OK,5,873,-,-,-,-,-,-,-,-,-,-,1789793518928,1789793519802,711744,370618368,6.53,-
duckdb,sf10,1,1,q06,OK,1,410,-,-,-,-,-,-,-,-,-,-,1789793519803,1789793520213,711744,208896,6.75,-
duckdb,sf10,1,1,q07,OK,4,735,-,-,-,-,-,-,-,-,-,-,1789793520213,1789793520949,803144,339968,7.11,-
duckdb,sf10,1,1,q08,OK,2,979,-,-,-,-,-,-,-,-,-,-,1789793520950,1789793521929,803144,301453312,6.58,-
duckdb,sf10,1,1,q09,OK,175,1757,-,-,-,-,-,-,-,-,-,-,1789793521929,1789793523687,1802844,202866688,6.97,-
duckdb,sf10,1,1,q10,OK,20,914,-,-,-,-,-,-,-,-,-,-,1789793523687,1789793524602,1802844,122826752,6.69,-
duckdb,sf10,1,1,q11,OK,171440,284,-,-,-,-,-,-,-,-,-,-,1789793524602,1789793524887,1422796,150499328,6.15,-
duckdb,sf10,1,1,q12,OK,2,614,-,-,-,-,-,-,-,-,-,-,1789793524887,1789793525503,1422796,139468800,6.72,-
duckdb,sf10,1,1,q13,OK,46,1195,-,-,-,-,-,-,-,-,-,-,1789793525503,1789793526698,1113244,302600192,7.07,-
duckdb,sf10,1,1,q14,OK,1,566,-,-,-,-,-,-,-,-,-,-,1789793526698,1789793527265,1113244,26210304,6.84,-
duckdb,sf10,1,1,q15,OK,1,496,-,-,-,-,-,-,-,-,-,-,1789793527265,1789793527762,1066964,3072000,6.52,-
duckdb,sf10,1,1,q16,OK,27840,247,-,-,-,-,-,-,-,-,-,-,1789793527763,1789793528011,884296,3072000,6.14,-
duckdb,sf10,1,1,q17,OK,1,662,-,-,-,-,-,-,-,-,-,-,1789793528011,1789793528675,884296,3117056,6.48,-
duckdb,sf10,1,1,q18,OK,100,1385,-,-,-,-,-,-,-,-,-,-,1789793528675,1789793530061,1373460,110415872,7.18,-
duckdb,sf10,1,1,q19,OK,1,727,-,-,-,-,-,-,-,-,-,-,1789793530061,1789793530789,1373460,3158016,6.90,-
duckdb,sf10,1,1,q20,OK,1804,584,-,-,-,-,-,-,-,-,-,-,1789793530790,1789793531374,988120,786432,6.53,-
duckdb,sf10,1,1,q21,OK,100,2177,-,-,-,-,-,-,-,-,-,-,1789793531374,1789793533552,1041072,430080,6.36,-
duckdb,sf10,1,1,q22,OK,7,269,-,-,-,-,-,-,-,-,-,-,1789793533552,1789793533822,923552,24576,5.33,-
duckdb,sf10,2,0,q01,OK,4,1070,-,-,-,-,-,-,-,-,-,-,1789793542463,1789793543534,677608,0,6.65,-
duckdb,sf10,2,0,q02,OK,100,176,-,-,-,-,-,-,-,-,-,-,1789793543535,1789793543711,677608,0,6.28,-
duckdb,sf10,2,0,q03,OK,10,838,-,-,-,-,-,-,-,-,-,-,1789793543712,1789793544550,677608,0,6.74,-
duckdb,sf10,2,0,q04,OK,5,557,-,-,-,-,-,-,-,-,-,-,1789793544550,1789793545108,719860,0,6.66,-
duckdb,sf10,2,0,q05,OK,5,817,-,-,-,-,-,-,-,-,-,-,1789793545108,1789793545926,719860,0,6.70,-
duckdb,sf10,2,0,q06,OK,1,410,-,-,-,-,-,-,-,-,-,-,1789793545927,1789793546337,716260,0,6.93,-
duckdb,sf10,2,0,q07,OK,4,730,-,-,-,-,-,-,-,-,-,-,1789793546338,1789793547068,825340,0,6.71,-
duckdb,sf10,2,0,q08,OK,2,926,-,-,-,-,-,-,-,-,-,-,1789793547069,1789793547995,825340,0,6.48,-
duckdb,sf10,2,0,q09,OK,175,1701,-,-,-,-,-,-,-,-,-,-,1789793547996,1789793549697,1812636,0,7.25,-
duckdb,sf10,2,0,q10,OK,20,916,-,-,-,-,-,-,-,-,-,-,1789793549698,1789793550615,1812636,0,6.48,-
duckdb,sf10,2,0,q11,OK,171440,270,-,-,-,-,-,-,-,-,-,-,1789793550615,1789793550886,1465600,0,5.28,-
duckdb,sf10,2,0,q12,OK,2,628,-,-,-,-,-,-,-,-,-,-,1789793550887,1789793551515,1465600,0,6.62,-
duckdb,sf10,2,0,q13,OK,46,1179,-,-,-,-,-,-,-,-,-,-,1789793551516,1789793552696,1147536,0,7.22,-
duckdb,sf10,2,0,q14,OK,1,564,-,-,-,-,-,-,-,-,-,-,1789793552696,1789793553261,1147536,0,6.91,-
duckdb,sf10,2,0,q15,OK,1,475,-,-,-,-,-,-,-,-,-,-,1789793553262,1789793553737,1038600,0,6.64,-
duckdb,sf10,2,0,q16,OK,27840,240,-,-,-,-,-,-,-,-,-,-,1789793553738,1789793553978,1038600,0,6.59,-
duckdb,sf10,2,0,q17,OK,1,654,-,-,-,-,-,-,-,-,-,-,1789793553979,1789793554633,908884,0,6.69,-
duckdb,sf10,2,0,q18,OK,100,1360,-,-,-,-,-,-,-,-,-,-,1789793554633,1789793555994,1370168,0,7.15,-
duckdb,sf10,2,0,q19,OK,1,722,-,-,-,-,-,-,-,-,-,-,1789793555995,1789793556717,1370168,0,7.13,-
duckdb,sf10,2,0,q20,OK,1804,593,-,-,-,-,-,-,-,-,-,-,1789793556718,1789793557311,977672,0,6.69,-
duckdb,sf10,2,0,q21,OK,100,2209,-,-,-,-,-,-,-,-,-,-,1789793557312,1789793559521,1042164,-,-,-
duckdb,sf10,2,0,q22,OK,7,269,-,-,-,-,-,-,-,-,-,-,1789793559522,1789793559792,920524,-,-,-
duckdb,sf10,3,0,q01,OK,4,1049,-,-,-,-,-,-,-,-,-,-,1789793566330,1789793567380,682816,0,6.55,-
duckdb,sf10,3,0,q02,OK,100,180,-,-,-,-,-,-,-,-,-,-,1789793567381,1789793567561,682816,0,6.33,-
duckdb,sf10,3,0,q03,OK,10,804,-,-,-,-,-,-,-,-,-,-,1789793567561,1789793568367,682816,0,6.73,-
duckdb,sf10,3,0,q04,OK,5,532,-,-,-,-,-,-,-,-,-,-,1789793568367,1789793568899,706608,0,6.80,-
duckdb,sf10,3,0,q05,OK,5,795,-,-,-,-,-,-,-,-,-,-,1789793568900,1789793569696,707216,0,6.81,-
duckdb,sf10,3,0,q06,OK,1,406,-,-,-,-,-,-,-,-,-,-,1789793569696,1789793570103,707216,0,6.83,-
duckdb,sf10,3,0,q07,OK,4,701,-,-,-,-,-,-,-,-,-,-,1789793570103,1789793570805,816788,0,7.15,-
duckdb,sf10,3,0,q08,OK,2,869,-,-,-,-,-,-,-,-,-,-,1789793570806,1789793571675,1196344,0,6.85,-
duckdb,sf10,3,0,q09,OK,175,1644,-,-,-,-,-,-,-,-,-,-,1789793571675,1789793573320,1808316,0,7.17,-
duckdb,sf10,3,0,q10,OK,20,871,-,-,-,-,-,-,-,-,-,-,1789793573320,1789793574193,1808316,0,6.88,-
duckdb,sf10,3,0,q11,OK,171440,278,-,-,-,-,-,-,-,-,-,-,1789793574193,1789793574472,1485836,0,6.39,-
duckdb,sf10,3,0,q12,OK,2,606,-,-,-,-,-,-,-,-,-,-,1789793574473,1789793575079,1059640,0,6.44,-
duckdb,sf10,3,0,q13,OK,46,1133,-,-,-,-,-,-,-,-,-,-,1789793575080,1789793576213,1123424,0,7.23,-
duckdb,sf10,3,0,q14,OK,1,575,-,-,-,-,-,-,-,-,-,-,1789793576214,1789793576789,1123424,0,6.93,-
duckdb,sf10,3,0,q15,OK,1,476,-,-,-,-,-,-,-,-,-,-,1789793576790,1789793577266,1123424,0,6.63,-
duckdb,sf10,3,0,q16,OK,27840,228,-,-,-,-,-,-,-,-,-,-,1789793577266,1789793577495,946880,0,6.34,-
duckdb,sf10,3,0,q17,OK,1,653,-,-,-,-,-,-,-,-,-,-,1789793577496,1789793578149,946880,0,6.68,-
duckdb,sf10,3,0,q18,OK,100,1355,-,-,-,-,-,-,-,-,-,-,1789793578149,1789793579505,1381484,0,7.33,-
duckdb,sf10,3,0,q19,OK,1,710,-,-,-,-,-,-,-,-,-,-,1789793579505,1789793580216,1381484,0,7.13,-
duckdb,sf10,3,0,q20,OK,1804,574,-,-,-,-,-,-,-,-,-,-,1789793580217,1789793580791,976912,0,6.66,-
duckdb,sf10,3,0,q21,OK,100,2127,-,-,-,-,-,-,-,-,-,-,1789793580792,1789793582919,1073308,-,-,-
duckdb,sf10,3,0,q22,OK,7,268,-,-,-,-,-,-,-,-,-,-,1789793582920,1789793583188,1073308,-,-,-
duckdb,sf10,4,0,q01,OK,4,1067,-,-,-,-,-,-,-,-,-,-,1789793589574,1789793590641,678048,0,6.60,-
duckdb,sf10,4,0,q02,OK,100,171,-,-,-,-,-,-,-,-,-,-,1789793590642,1789793590813,678048,0,6.35,-
duckdb,sf10,4,0,q03,OK,10,808,-,-,-,-,-,-,-,-,-,-,1789793590813,1789793591622,678048,0,6.72,-
duckdb,sf10,4,0,q04,OK,5,530,-,-,-,-,-,-,-,-,-,-,1789793591623,1789793592154,705204,0,6.76,-
duckdb,sf10,4,0,q05,OK,5,807,-,-,-,-,-,-,-,-,-,-,1789793592154,1789793592962,705204,0,6.66,-
duckdb,sf10,4,0,q06,OK,1,429,-,-,-,-,-,-,-,-,-,-,1789793592963,1789793593393,696932,0,6.46,-
duckdb,sf10,4,0,q07,OK,4,712,-,-,-,-,-,-,-,-,-,-,1789793593394,1789793594107,811908,0,6.66,-
duckdb,sf10,4,0,q08,OK,2,885,-,-,-,-,-,-,-,-,-,-,1789793594107,1789793594993,945692,0,6.51,-
duckdb,sf10,4,0,q09,OK,175,1722,-,-,-,-,-,-,-,-,-,-,1789793594993,1789793596716,1804952,0,7.06,-
duckdb,sf10,4,0,q10,OK,20,907,-,-,-,-,-,-,-,-,-,-,1789793596717,1789793597624,1804952,0,6.39,-
duckdb,sf10,4,0,q11,OK,171440,270,-,-,-,-,-,-,-,-,-,-,1789793597624,1789793597895,1399200,0,5.37,-
duckdb,sf10,4,0,q12,OK,2,618,-,-,-,-,-,-,-,-,-,-,1789793597896,1789793598515,1399200,0,6.28,-
duckdb,sf10,4,0,q13,OK,46,1149,-,-,-,-,-,-,-,-,-,-,1789793598515,1789793599665,1141500,0,7.18,-
duckdb,sf10,4,0,q14,OK,1,580,-,-,-,-,-,-,-,-,-,-,1789793599665,1789793600246,1141500,0,6.84,-
duckdb,sf10,4,0,q15,OK,1,482,-,-,-,-,-,-,-,-,-,-,1789793600246,1789793600729,1141500,0,7.03,-
duckdb,sf10,4,0,q16,OK,27840,238,-,-,-,-,-,-,-,-,-,-,1789793600730,1789793600968,1037476,0,6.95,-
duckdb,sf10,4,0,q17,OK,1,651,-,-,-,-,-,-,-,-,-,-,1789793600969,1789793601620,1132408,0,6.86,-
duckdb,sf10,4,0,q18,OK,100,1378,-,-,-,-,-,-,-,-,-,-,1789793601621,1789793603000,1395336,0,7.16,-
duckdb,sf10,4,0,q19,OK,1,734,-,-,-,-,-,-,-,-,-,-,1789793603001,1789793603736,1395336,0,6.99,-
duckdb,sf10,4,0,q20,OK,1804,584,-,-,-,-,-,-,-,-,-,-,1789793603736,1789793604321,1118344,0,6.71,-
duckdb,sf10,4,0,q21,OK,100,2202,-,-,-,-,-,-,-,-,-,-,1789793604322,1789793606524,1050076,0,6.65,-
duckdb,sf10,4,0,q22,OK,7,281,-,-,-,-,-,-,-,-,-,-,1789793606525,1789793606806,966512,-,-,-
